<?xml version="1.0" encoding="UTF-8"?>
<root>
  <item name="com.liuzhenlin.swipeback.SwipeBackLayout int getEnabledEdges()">
    <annotation name="androidx.annotation.IntDef">
      <val name="flag" val="true" />
      <val name="value" val="{com.liuzhenlin.swipeback.SwipeBackLayout.EDGE_LEFT, com.liuzhenlin.swipeback.SwipeBackLayout.EDGE_RIGHT}" />
    </annotation>
  </item>
  <item name="com.liuzhenlin.swipeback.SwipeBackLayout mTrackingEdge">
    <annotation name="androidx.annotation.IntDef">
      <val name="flag" val="true" />
      <val name="value" val="{com.liuzhenlin.swipeback.SwipeBackLayout.EDGE_LEFT, com.liuzhenlin.swipeback.SwipeBackLayout.EDGE_RIGHT}" />
    </annotation>
  </item>
  <item name="com.liuzhenlin.swipeback.SwipeBackLayout void setEdgeShadow(android.graphics.drawable.Drawable, int) 1">
    <annotation name="androidx.annotation.IntDef">
      <val name="flag" val="true" />
      <val name="value" val="{com.liuzhenlin.swipeback.SwipeBackLayout.EDGE_LEFT, com.liuzhenlin.swipeback.SwipeBackLayout.EDGE_RIGHT}" />
    </annotation>
  </item>
  <item name="com.liuzhenlin.swipeback.SwipeBackLayout void setEdgeShadow(int, int) 1">
    <annotation name="androidx.annotation.IntDef">
      <val name="flag" val="true" />
      <val name="value" val="{com.liuzhenlin.swipeback.SwipeBackLayout.EDGE_LEFT, com.liuzhenlin.swipeback.SwipeBackLayout.EDGE_RIGHT}" />
    </annotation>
  </item>
  <item name="com.liuzhenlin.swipeback.SwipeBackLayout void setEnabledEdges(int) 0">
    <annotation name="androidx.annotation.IntDef">
      <val name="flag" val="true" />
      <val name="value" val="{com.liuzhenlin.swipeback.SwipeBackLayout.EDGE_LEFT, com.liuzhenlin.swipeback.SwipeBackLayout.EDGE_RIGHT}" />
    </annotation>
  </item>
  <item name="com.liuzhenlin.swipeback.SwipeBackLayout.ScrollState">
    <annotation name="androidx.annotation.IntDef">
      <val name="value" val="{com.liuzhenlin.swipeback.SwipeBackLayout.STATE_IDLE, com.liuzhenlin.swipeback.SwipeBackLayout.STATE_DRAGGING, com.liuzhenlin.swipeback.SwipeBackLayout.STATE_SETTLING}" />
    </annotation>
  </item>
  <item name="com.liuzhenlin.swipeback.SwipeBackLayout.SwipeListener void onScrollPercentChange(int, float) 0">
    <annotation name="androidx.annotation.IntDef">
      <val name="flag" val="true" />
      <val name="value" val="{com.liuzhenlin.swipeback.SwipeBackLayout.EDGE_LEFT, com.liuzhenlin.swipeback.SwipeBackLayout.EDGE_RIGHT}" />
    </annotation>
  </item>
  <item name="com.liuzhenlin.swipeback.SwipeBackLayout.SwipeListener void onScrollStateChange(int, int) 0">
    <annotation name="androidx.annotation.IntDef">
      <val name="flag" val="true" />
      <val name="value" val="{com.liuzhenlin.swipeback.SwipeBackLayout.EDGE_LEFT, com.liuzhenlin.swipeback.SwipeBackLayout.EDGE_RIGHT}" />
    </annotation>
  </item>
  <item name="com.liuzhenlin.swipeback.SwipeBackLayout.SwipeListener void onScrollStateChange(int, int) 1">
    <annotation name="androidx.annotation.IntDef">
      <val name="value" val="{com.liuzhenlin.swipeback.SwipeBackLayout.STATE_IDLE, com.liuzhenlin.swipeback.SwipeBackLayout.STATE_DRAGGING, com.liuzhenlin.swipeback.SwipeBackLayout.STATE_SETTLING}" />
    </annotation>
  </item>
</root>

