<?xml version="1.0" encoding="UTF-8"?>
<root>
  <item name="com.liuzhenlin.common.utils.UiUtils void showUserCancelableSnackbar(android.view.View, int, boolean, int) 3">
  </item>
  <item name="com.liuzhenlin.common.utils.UiUtils void showUserCancelableSnackbar(android.view.View, int, int) 2">
  </item>
  <item name="com.liuzhenlin.common.utils.UiUtils void showUserCancelableSnackbar(android.view.View, java.lang.CharSequence, boolean, int) 3">
  </item>
  <item name="com.liuzhenlin.common.utils.UiUtils void showUserCancelableSnackbar(android.view.View, java.lang.CharSequence, int) 2">
  </item>
</root>

