<?xml version="1.0" encoding="UTF-8"?>
<root>
  <item name="com.liuzhenlin.texturevideoview.utils.Utils int getTrackTypeForExoPlayer(int) 0">
    <annotation name="androidx.annotation.IntDef">
      <val name="value" val="{com.liuzhenlin.texturevideoview.bean.TrackInfo.TRACK_TYPE_VIDEO, com.liuzhenlin.texturevideoview.bean.TrackInfo.TRACK_TYPE_AUDIO, com.liuzhenlin.texturevideoview.bean.TrackInfo.TRACK_TYPE_SUBTITLE}" />
    </annotation>
  </item>
  <item name="com.liuzhenlin.texturevideoview.utils.Utils int getTrackTypeForIjkPlayer(int) 0">
    <annotation name="androidx.annotation.IntDef">
      <val name="value" val="{com.liuzhenlin.texturevideoview.bean.TrackInfo.TRACK_TYPE_VIDEO, com.liuzhenlin.texturevideoview.bean.TrackInfo.TRACK_TYPE_AUDIO, com.liuzhenlin.texturevideoview.bean.TrackInfo.TRACK_TYPE_SUBTITLE}" />
    </annotation>
  </item>
  <item name="com.liuzhenlin.texturevideoview.utils.Utils int getTrackTypeForMediaPlayer(int) 0">
    <annotation name="androidx.annotation.IntDef">
      <val name="value" val="{com.liuzhenlin.texturevideoview.bean.TrackInfo.TRACK_TYPE_VIDEO, com.liuzhenlin.texturevideoview.bean.TrackInfo.TRACK_TYPE_AUDIO, com.liuzhenlin.texturevideoview.bean.TrackInfo.TRACK_TYPE_SUBTITLE}" />
    </annotation>
  </item>
  <item name="com.liuzhenlin.texturevideoview.utils.Utils java.lang.String playbackStateIntToString(int) 0">
    <annotation name="androidx.annotation.IntDef">
      <val name="value" val="{com.liuzhenlin.texturevideoview.IVideoPlayer.PLAYBACK_STATE_ERROR, com.liuzhenlin.texturevideoview.IVideoPlayer.PLAYBACK_STATE_IDLE, com.liuzhenlin.texturevideoview.IVideoPlayer.PLAYBACK_STATE_PREPARING, com.liuzhenlin.texturevideoview.IVideoPlayer.PLAYBACK_STATE_PREPARED, com.liuzhenlin.texturevideoview.IVideoPlayer.PLAYBACK_STATE_PLAYING, com.liuzhenlin.texturevideoview.IVideoPlayer.PLAYBACK_STATE_PAUSED, com.liuzhenlin.texturevideoview.IVideoPlayer.PLAYBACK_STATE_COMPLETED}" />
    </annotation>
  </item>
</root>

