<?xml version="1.0" encoding="UTF-8"?>
<root>
  <item name="com.liuzhenlin.texturevideoview.IVideoPlayer boolean hasTrack(int) 0">
    <annotation name="androidx.annotation.IntDef">
      <val name="value" val="{com.liuzhenlin.texturevideoview.bean.TrackInfo.TRACK_TYPE_VIDEO, com.liuzhenlin.texturevideoview.bean.TrackInfo.TRACK_TYPE_AUDIO, com.liuzhenlin.texturevideoview.bean.TrackInfo.TRACK_TYPE_SUBTITLE}" />
    </annotation>
  </item>
  <item name="com.liuzhenlin.texturevideoview.IVideoPlayer int getPlaybackState()">
    <annotation name="androidx.annotation.IntDef">
      <val name="value" val="{com.liuzhenlin.texturevideoview.IVideoPlayer.PLAYBACK_STATE_ERROR, com.liuzhenlin.texturevideoview.IVideoPlayer.PLAYBACK_STATE_IDLE, com.liuzhenlin.texturevideoview.IVideoPlayer.PLAYBACK_STATE_PREPARING, com.liuzhenlin.texturevideoview.IVideoPlayer.PLAYBACK_STATE_PREPARED, com.liuzhenlin.texturevideoview.IVideoPlayer.PLAYBACK_STATE_PLAYING, com.liuzhenlin.texturevideoview.IVideoPlayer.PLAYBACK_STATE_PAUSED, com.liuzhenlin.texturevideoview.IVideoPlayer.PLAYBACK_STATE_COMPLETED}" />
    </annotation>
  </item>
  <item name="com.liuzhenlin.texturevideoview.IVideoPlayer int getSelectedTrackIndex(int) 0">
    <annotation name="androidx.annotation.IntDef">
      <val name="value" val="{com.liuzhenlin.texturevideoview.bean.TrackInfo.TRACK_TYPE_VIDEO, com.liuzhenlin.texturevideoview.bean.TrackInfo.TRACK_TYPE_AUDIO, com.liuzhenlin.texturevideoview.bean.TrackInfo.TRACK_TYPE_SUBTITLE}" />
    </annotation>
  </item>
  <item name="com.liuzhenlin.texturevideoview.IVideoPlayer.OnPlaybackStateChangeListener void onPlaybackStateChange(int, int) 0">
    <annotation name="androidx.annotation.IntDef">
      <val name="value" val="{com.liuzhenlin.texturevideoview.IVideoPlayer.PLAYBACK_STATE_ERROR, com.liuzhenlin.texturevideoview.IVideoPlayer.PLAYBACK_STATE_IDLE, com.liuzhenlin.texturevideoview.IVideoPlayer.PLAYBACK_STATE_PREPARING, com.liuzhenlin.texturevideoview.IVideoPlayer.PLAYBACK_STATE_PREPARED, com.liuzhenlin.texturevideoview.IVideoPlayer.PLAYBACK_STATE_PLAYING, com.liuzhenlin.texturevideoview.IVideoPlayer.PLAYBACK_STATE_PAUSED, com.liuzhenlin.texturevideoview.IVideoPlayer.PLAYBACK_STATE_COMPLETED}" />
    </annotation>
  </item>
  <item name="com.liuzhenlin.texturevideoview.IVideoPlayer.OnPlaybackStateChangeListener void onPlaybackStateChange(int, int) 1">
    <annotation name="androidx.annotation.IntDef">
      <val name="value" val="{com.liuzhenlin.texturevideoview.IVideoPlayer.PLAYBACK_STATE_ERROR, com.liuzhenlin.texturevideoview.IVideoPlayer.PLAYBACK_STATE_IDLE, com.liuzhenlin.texturevideoview.IVideoPlayer.PLAYBACK_STATE_PREPARING, com.liuzhenlin.texturevideoview.IVideoPlayer.PLAYBACK_STATE_PREPARED, com.liuzhenlin.texturevideoview.IVideoPlayer.PLAYBACK_STATE_PLAYING, com.liuzhenlin.texturevideoview.IVideoPlayer.PLAYBACK_STATE_PAUSED, com.liuzhenlin.texturevideoview.IVideoPlayer.PLAYBACK_STATE_COMPLETED}" />
    </annotation>
  </item>
  <item name="com.liuzhenlin.texturevideoview.IVideoPlayer.PlaybackState">
    <annotation name="androidx.annotation.IntDef">
      <val name="value" val="{com.liuzhenlin.texturevideoview.IVideoPlayer.PLAYBACK_STATE_ERROR, com.liuzhenlin.texturevideoview.IVideoPlayer.PLAYBACK_STATE_IDLE, com.liuzhenlin.texturevideoview.IVideoPlayer.PLAYBACK_STATE_PREPARING, com.liuzhenlin.texturevideoview.IVideoPlayer.PLAYBACK_STATE_PREPARED, com.liuzhenlin.texturevideoview.IVideoPlayer.PLAYBACK_STATE_PLAYING, com.liuzhenlin.texturevideoview.IVideoPlayer.PLAYBACK_STATE_PAUSED, com.liuzhenlin.texturevideoview.IVideoPlayer.PLAYBACK_STATE_COMPLETED}" />
    </annotation>
  </item>
  <item name="com.liuzhenlin.texturevideoview.TextureVideoView int getViewMode()">
    <annotation name="androidx.annotation.IntDef">
      <val name="value" val="{com.liuzhenlin.texturevideoview.TextureVideoView.VIEW_MODE_DEFAULT, com.liuzhenlin.texturevideoview.TextureVideoView.VIEW_MODE_MINIMUM, com.liuzhenlin.texturevideoview.TextureVideoView.VIEW_MODE_FULLSCREEN, com.liuzhenlin.texturevideoview.TextureVideoView.VIEW_MODE_LOCKED_FULLSCREEN, com.liuzhenlin.texturevideoview.TextureVideoView.VIEW_MODE_VIDEO_STRETCHED_FULLSCREEN, com.liuzhenlin.texturevideoview.TextureVideoView.VIEW_MODE_VIDEO_STRETCHED_LOCKED_FULLSCREEN}" />
    </annotation>
  </item>
  <item name="com.liuzhenlin.texturevideoview.TextureVideoView mViewMode">
    <annotation name="androidx.annotation.IntDef">
      <val name="value" val="{com.liuzhenlin.texturevideoview.TextureVideoView.VIEW_MODE_DEFAULT, com.liuzhenlin.texturevideoview.TextureVideoView.VIEW_MODE_MINIMUM, com.liuzhenlin.texturevideoview.TextureVideoView.VIEW_MODE_FULLSCREEN, com.liuzhenlin.texturevideoview.TextureVideoView.VIEW_MODE_LOCKED_FULLSCREEN, com.liuzhenlin.texturevideoview.TextureVideoView.VIEW_MODE_VIDEO_STRETCHED_FULLSCREEN, com.liuzhenlin.texturevideoview.TextureVideoView.VIEW_MODE_VIDEO_STRETCHED_LOCKED_FULLSCREEN}" />
    </annotation>
  </item>
  <item name="com.liuzhenlin.texturevideoview.TextureVideoView void setViewMode(int, boolean) 0">
    <annotation name="androidx.annotation.IntDef">
      <val name="value" val="{com.liuzhenlin.texturevideoview.TextureVideoView.VIEW_MODE_DEFAULT, com.liuzhenlin.texturevideoview.TextureVideoView.VIEW_MODE_MINIMUM, com.liuzhenlin.texturevideoview.TextureVideoView.VIEW_MODE_FULLSCREEN, com.liuzhenlin.texturevideoview.TextureVideoView.VIEW_MODE_LOCKED_FULLSCREEN, com.liuzhenlin.texturevideoview.TextureVideoView.VIEW_MODE_VIDEO_STRETCHED_FULLSCREEN, com.liuzhenlin.texturevideoview.TextureVideoView.VIEW_MODE_VIDEO_STRETCHED_LOCKED_FULLSCREEN}" />
    </annotation>
  </item>
  <item name="com.liuzhenlin.texturevideoview.TextureVideoView.EventListener void onViewModeChange(int, int, boolean) 0">
    <annotation name="androidx.annotation.IntDef">
      <val name="value" val="{com.liuzhenlin.texturevideoview.TextureVideoView.VIEW_MODE_DEFAULT, com.liuzhenlin.texturevideoview.TextureVideoView.VIEW_MODE_MINIMUM, com.liuzhenlin.texturevideoview.TextureVideoView.VIEW_MODE_FULLSCREEN, com.liuzhenlin.texturevideoview.TextureVideoView.VIEW_MODE_LOCKED_FULLSCREEN, com.liuzhenlin.texturevideoview.TextureVideoView.VIEW_MODE_VIDEO_STRETCHED_FULLSCREEN, com.liuzhenlin.texturevideoview.TextureVideoView.VIEW_MODE_VIDEO_STRETCHED_LOCKED_FULLSCREEN}" />
    </annotation>
  </item>
  <item name="com.liuzhenlin.texturevideoview.TextureVideoView.EventListener void onViewModeChange(int, int, boolean) 1">
    <annotation name="androidx.annotation.IntDef">
      <val name="value" val="{com.liuzhenlin.texturevideoview.TextureVideoView.VIEW_MODE_DEFAULT, com.liuzhenlin.texturevideoview.TextureVideoView.VIEW_MODE_MINIMUM, com.liuzhenlin.texturevideoview.TextureVideoView.VIEW_MODE_FULLSCREEN, com.liuzhenlin.texturevideoview.TextureVideoView.VIEW_MODE_LOCKED_FULLSCREEN, com.liuzhenlin.texturevideoview.TextureVideoView.VIEW_MODE_VIDEO_STRETCHED_FULLSCREEN, com.liuzhenlin.texturevideoview.TextureVideoView.VIEW_MODE_VIDEO_STRETCHED_LOCKED_FULLSCREEN}" />
    </annotation>
  </item>
  <item name="com.liuzhenlin.texturevideoview.TrackSelectionView.TrackListAdapter TrackListAdapter(int) 0">
    <annotation name="androidx.annotation.IntDef">
      <val name="value" val="{com.liuzhenlin.texturevideoview.bean.TrackInfo.TRACK_TYPE_VIDEO, com.liuzhenlin.texturevideoview.bean.TrackInfo.TRACK_TYPE_AUDIO, com.liuzhenlin.texturevideoview.bean.TrackInfo.TRACK_TYPE_SUBTITLE}" />
    </annotation>
  </item>
  <item name="com.liuzhenlin.texturevideoview.VideoPlayer int getPlaybackState()">
    <annotation name="androidx.annotation.IntDef">
      <val name="value" val="{com.liuzhenlin.texturevideoview.IVideoPlayer.PLAYBACK_STATE_ERROR, com.liuzhenlin.texturevideoview.IVideoPlayer.PLAYBACK_STATE_IDLE, com.liuzhenlin.texturevideoview.IVideoPlayer.PLAYBACK_STATE_PREPARING, com.liuzhenlin.texturevideoview.IVideoPlayer.PLAYBACK_STATE_PREPARED, com.liuzhenlin.texturevideoview.IVideoPlayer.PLAYBACK_STATE_PLAYING, com.liuzhenlin.texturevideoview.IVideoPlayer.PLAYBACK_STATE_PAUSED, com.liuzhenlin.texturevideoview.IVideoPlayer.PLAYBACK_STATE_COMPLETED}" />
    </annotation>
  </item>
  <item name="com.liuzhenlin.texturevideoview.VideoPlayer mPlaybackState">
    <annotation name="androidx.annotation.IntDef">
      <val name="value" val="{com.liuzhenlin.texturevideoview.IVideoPlayer.PLAYBACK_STATE_ERROR, com.liuzhenlin.texturevideoview.IVideoPlayer.PLAYBACK_STATE_IDLE, com.liuzhenlin.texturevideoview.IVideoPlayer.PLAYBACK_STATE_PREPARING, com.liuzhenlin.texturevideoview.IVideoPlayer.PLAYBACK_STATE_PREPARED, com.liuzhenlin.texturevideoview.IVideoPlayer.PLAYBACK_STATE_PLAYING, com.liuzhenlin.texturevideoview.IVideoPlayer.PLAYBACK_STATE_PAUSED, com.liuzhenlin.texturevideoview.IVideoPlayer.PLAYBACK_STATE_COMPLETED}" />
    </annotation>
  </item>
  <item name="com.liuzhenlin.texturevideoview.VideoPlayer void setPlaybackState(int) 0">
    <annotation name="androidx.annotation.IntDef">
      <val name="value" val="{com.liuzhenlin.texturevideoview.IVideoPlayer.PLAYBACK_STATE_ERROR, com.liuzhenlin.texturevideoview.IVideoPlayer.PLAYBACK_STATE_IDLE, com.liuzhenlin.texturevideoview.IVideoPlayer.PLAYBACK_STATE_PREPARING, com.liuzhenlin.texturevideoview.IVideoPlayer.PLAYBACK_STATE_PREPARED, com.liuzhenlin.texturevideoview.IVideoPlayer.PLAYBACK_STATE_PLAYING, com.liuzhenlin.texturevideoview.IVideoPlayer.PLAYBACK_STATE_PAUSED, com.liuzhenlin.texturevideoview.IVideoPlayer.PLAYBACK_STATE_COMPLETED}" />
    </annotation>
  </item>
</root>

