<?xml version="1.0" encoding="UTF-8"?>
<root>
  <item name="com.liuzhenlin.texturevideoview.bean.MediaTrackInfo MediaTrackInfo(int) 0">
    <annotation name="androidx.annotation.IntDef">
      <val name="value" val="{com.liuzhenlin.texturevideoview.bean.TrackInfo.TRACK_TYPE_VIDEO, com.liuzhenlin.texturevideoview.bean.TrackInfo.TRACK_TYPE_AUDIO, com.liuzhenlin.texturevideoview.bean.TrackInfo.TRACK_TYPE_SUBTITLE}" />
    </annotation>
  </item>
  <item name="com.liuzhenlin.texturevideoview.bean.MediaTrackInfo MediaTrackInfo(int, java.lang.String, int) 0">
    <annotation name="androidx.annotation.IntDef">
      <val name="value" val="{com.liuzhenlin.texturevideoview.bean.TrackInfo.TRACK_TYPE_VIDEO, com.liuzhenlin.texturevideoview.bean.TrackInfo.TRACK_TYPE_AUDIO, com.liuzhenlin.texturevideoview.bean.TrackInfo.TRACK_TYPE_SUBTITLE}" />
    </annotation>
  </item>
  <item name="com.liuzhenlin.texturevideoview.bean.TrackInfo TrackInfo(int) 0">
    <annotation name="androidx.annotation.IntDef">
      <val name="value" val="{com.liuzhenlin.texturevideoview.bean.TrackInfo.TRACK_TYPE_VIDEO, com.liuzhenlin.texturevideoview.bean.TrackInfo.TRACK_TYPE_AUDIO, com.liuzhenlin.texturevideoview.bean.TrackInfo.TRACK_TYPE_SUBTITLE}" />
    </annotation>
  </item>
  <item name="com.liuzhenlin.texturevideoview.bean.TrackInfo trackType">
    <annotation name="androidx.annotation.IntDef">
      <val name="value" val="{com.liuzhenlin.texturevideoview.bean.TrackInfo.TRACK_TYPE_VIDEO, com.liuzhenlin.texturevideoview.bean.TrackInfo.TRACK_TYPE_AUDIO, com.liuzhenlin.texturevideoview.bean.TrackInfo.TRACK_TYPE_SUBTITLE}" />
    </annotation>
  </item>
  <item name="com.liuzhenlin.texturevideoview.bean.TrackInfo.TrackType">
    <annotation name="androidx.annotation.IntDef">
      <val name="value" val="{com.liuzhenlin.texturevideoview.bean.TrackInfo.TRACK_TYPE_VIDEO, com.liuzhenlin.texturevideoview.bean.TrackInfo.TRACK_TYPE_AUDIO, com.liuzhenlin.texturevideoview.bean.TrackInfo.TRACK_TYPE_SUBTITLE}" />
    </annotation>
  </item>
</root>

