<?xml version="1.0" encoding="UTF-8"?>
<root>
  <item name="com.liuzhenlin.common.receiver.VolumeReceiver void onRingerModeChange(int) 0">
    <annotation name="androidx.annotation.IntDef">
      <val name="value" val="{android.media.AudioManager.RINGER_MODE_NORMAL, android.media.AudioManager.RINGER_MODE_SILENT, android.media.AudioManager.RINGER_MODE_VIBRATE}" />
    </annotation>
  </item>
  <item name="com.liuzhenlin.common.receiver.VolumeReceiver.RingerMode">
    <annotation name="androidx.annotation.IntDef">
      <val name="value" val="{android.media.AudioManager.RINGER_MODE_NORMAL, android.media.AudioManager.RINGER_MODE_SILENT, android.media.AudioManager.RINGER_MODE_VIBRATE}" />
    </annotation>
  </item>
</root>

